n,HGT_mae,HAN_mae,mean_diff(HAN-HGT),median_diff,HAN_better_%,wilcoxon_p,combo
8281,5.742814556122287,5.720545202706002,-0.022269353416285328,0.03409385681152166,46.069315300084526,4.0247085260491514e-05,geometric_knn
8281,5.844778520648368,5.590241307697497,-0.2545372129508715,-0.15500640869140625,56.49076198526748,1.857085484554043e-35,geometric_none
8281,5.738597385262309,5.7660403119785,0.027442926716191248,-0.014173507690430132,50.71851225697379,0.46526669812305055,geometric_self_loop
8281,5.84892650745209,5.8681884547273775,0.01926194727528774,-0.0011615753173828125,50.078492935635786,0.3209967892377279,hybrid_knn
8281,5.92432180549079,5.93282784276676,0.008506037275970544,0.03423309326171897,46.34705953387272,0.2052919139751146,hybrid_none
8281,5.709598290777742,6.149837527294087,0.4402392365163456,0.08538246154785112,44.99456587368675,4.059352741742154e-71,hybrid_self_loop
8281,5.719177082215166,5.9481548714243315,0.2289777892091657,0.07682228088378906,44.294167371090445,6.148410262313713e-42,topological_knn
8281,5.815729241428161,5.511728845519614,-0.3040003959085469,-0.11661911010742188,58.55572998430141,3.544953747310295e-51,topological_none
8281,5.861747167030116,5.566456196115524,-0.29529097091459217,-0.13172149658203125,56.62359618403574,7.498475563034864e-45,topological_self_loop
