split,sample,node_type,node_idx,true_b,true_h,pred_b_HGT,pred_h_HGT,pred_b_HAN,pred_h_HAN
external_test,sample_10,beam,118,10.0,10.0,40.708229064941406,32.635494232177734,39.96872329711914,34.531978607177734
external_test,sample_10,beam,119,10.0,10.0,41.20441055297852,32.92072677612305,41.786712646484375,35.191261291503906
external_test,sample_10,beam,120,10.0,10.0,40.89324951171875,32.356056213378906,42.249488830566406,35.01978302001953
external_test,sample_10,beam,121,10.0,10.0,40.42446517944336,31.841354370117188,42.84932327270508,35.18618392944336
external_test,sample_11,beam,37,10.0,10.0,39.532325744628906,29.88106155395508,44.54396438598633,33.368186950683594
external_test,sample_11,beam,38,10.0,10.0,39.74306488037109,29.99384307861328,43.08235549926758,32.30154037475586
external_test,sample_11,beam,39,10.0,10.0,39.7686767578125,29.993030548095703,44.378074645996094,33.2314338684082
external_test,sample_11,beam,44,10.0,10.0,35.906822204589844,28.882762908935547,35.30711364746094,29.04035186767578
external_test,sample_11,beam,45,10.0,10.0,35.86797332763672,28.93097877502441,35.18323516845703,28.81802749633789
external_test,sample_11,beam,46,10.0,10.0,35.885520935058594,28.89303970336914,35.3583984375,28.98324203491211
external_test,sample_11,beam,59,10.0,10.0,39.71812438964844,29.97547149658203,43.999000549316406,32.921142578125
external_test,sample_11,beam,61,10.0,10.0,35.86395263671875,28.915321350097656,35.312583923339844,28.883211135864254
external_test,sample_13,beam,89,10.0,10.0,35.97050857543945,28.91703224182129,36.26985549926758,28.26458740234375
external_test,sample_13,beam,90,10.0,10.0,35.93998336791992,28.932037353515625,35.375431060791016,28.13236618041992
external_test,sample_13,beam,91,10.0,10.0,35.94190979003906,28.923519134521484,35.864715576171875,28.184720993041992
external_test,sample_13,beam,92,10.0,10.0,36.00536346435547,28.90344619750977,36.05452728271485,28.18053436279297
external_test,sample_13,beam,93,10.0,10.0,36.040924072265625,28.89574813842773,35.76152801513672,28.19760513305664
external_test,sample_13,beam,94,10.0,10.0,36.09056854248047,28.89011573791504,35.50713348388672,28.276966094970703
external_test,sample_13,beam,95,10.0,10.0,36.14916229248047,28.905818939208984,35.287994384765625,28.398029327392575
external_test,sample_13,beam,135,10.0,10.0,37.70454406738281,29.14091110229492,38.44096374511719,29.72804069519043
external_test,sample_13,beam,137,10.0,10.0,37.63936996459961,29.123231887817383,38.09668731689453,29.722240447998047
external_test,sample_13,beam,138,10.0,10.0,37.61262512207031,29.10602188110352,38.46535873413086,29.759910583496094
external_test,sample_13,beam,139,10.0,10.0,37.7880973815918,29.17291641235352,38.44189834594727,29.74518394470215
external_test,sample_13,beam,140,10.0,10.0,37.862606048583984,29.203462600708008,38.46404266357422,29.826011657714844
external_test,sample_13,beam,141,10.0,10.0,37.8940544128418,29.21487808227539,38.47109222412109,29.89585304260254
external_test,sample_13,beam,142,10.0,10.0,37.9286003112793,29.232006072998047,38.54359817504883,30.07182502746582
external_test,sample_14,beam,71,30.0,10.0,44.96434020996094,40.32651519775391,40.93745040893555,37.61132049560547
external_test,sample_14,beam,72,30.0,10.0,47.05525207519531,41.768802642822266,42.02864456176758,38.308067321777344
external_test,sample_14,beam,73,30.0,10.0,47.63488006591797,42.08735656738281,44.73530578613281,40.16938781738281
external_test,sample_14,beam,74,30.0,10.0,47.53661346435547,42.03604888916016,45.89835357666016,40.80735778808594
external_test,sample_14,beam,75,30.0,10.0,46.61947250366211,41.52184295654297,45.83337020874024,40.74178695678711
external_test,sample_14,beam,76,30.0,10.0,38.53832244873047,29.681543350219727,39.70896530151367,30.132617950439453
external_test,sample_14,beam,77,30.0,10.0,38.6406364440918,29.650413513183597,40.559547424316406,30.57400131225586
external_test,sample_14,beam,78,30.0,10.0,38.61445999145508,29.610042572021484,40.850887298583984,30.75821685791016
external_test,sample_14,beam,79,30.0,10.0,38.60142135620117,29.59565544128418,41.0964241027832,30.927356719970703
external_test,sample_14,beam,80,30.0,10.0,38.49249267578125,29.57075500488281,41.25719833374024,31.03704833984375
external_test,sample_14,beam,81,30.0,10.0,48.69264221191406,42.661094665527344,48.164581298828125,42.13784408569336
external_test,sample_14,beam,82,30.0,10.0,48.949520111083984,42.943206787109375,48.19781875610352,42.16923141479492
external_test,sample_14,beam,83,30.0,10.0,49.14944076538086,43.14945602416992,48.19875717163086,42.17478561401367
external_test,sample_14,beam,84,30.0,10.0,49.15103912353516,43.157833099365234,48.16543960571289,42.15125274658203
external_test,sample_14,beam,85,30.0,10.0,48.80283737182617,42.82261276245117,48.09991455078125,42.10899353027344
external_test,sample_3,beam,3,10.0,10.0,43.06167984008789,33.0436897277832,38.01924133300781,29.90074920654297
external_test,sample_3,beam,16,10.0,10.0,36.999454498291016,29.03618621826172,35.883033752441406,29.112945556640625
external_test,sample_3,beam,18,10.0,10.0,37.27378463745117,29.10594749450684,36.57450866699219,29.360980987548828
external_test,sample_3,beam,137,10.0,10.0,49.81510543823242,44.16094970703125,47.60302734375,41.9189567565918
external_test,sample_3,beam,142,10.0,10.0,50.46292495727539,44.92860794067383,48.41753387451172,42.581241607666016
external_test,sample_3,beam,147,10.0,10.0,50.4354362487793,44.90520477294922,48.48028564453125,42.66318893432617
external_test,sample_3,beam,152,10.0,10.0,50.252967834472656,44.66555404663086,47.85921478271485,42.035865783691406
external_test,sample_3,beam,157,10.0,10.0,49.7509651184082,44.06393432617188,46.47008514404297,41.22788238525391
external_test,sample_3,beam,162,10.0,10.0,37.02369689941406,29.037403106689453,33.257171630859375,27.30462455749512
external_test,sample_3,beam,167,10.0,10.0,37.3062858581543,29.123266220092773,35.869964599609375,28.893726348876957
external_test,sample_3,beam,172,10.0,10.0,36.63935089111328,28.813587188720703,32.531150817871094,26.46097946166992
external_test,sample_3,beam,177,10.0,10.0,49.85317611694336,44.20573043823242,46.56725311279297,41.265167236328125
external_test,sample_3,beam,191,10.0,10.0,35.910152435302734,28.91829490661621,35.292747497558594,28.57145118713379
external_test,sample_3,beam,192,10.0,10.0,35.908599853515625,28.90928268432617,35.19825744628906,28.499805450439453
external_test,sample_3,beam,193,10.0,10.0,35.947845458984375,28.886890411376957,35.26996612548828,28.574878692626957
external_test,sample_3,beam,194,10.0,10.0,35.976531982421875,28.875343322753903,35.072635650634766,28.53251266479492
external_test,sample_3,beam,195,10.0,10.0,36.02872085571289,28.876483917236328,35.18001174926758,28.72043228149414
external_test,sample_3,beam,196,10.0,10.0,35.86865997314453,28.903549194335938,34.61991500854492,28.985132217407227
external_test,sample_3,beam,197,10.0,10.0,35.874359130859375,28.89981842041016,34.259063720703125,28.609514236450195
external_test,sample_3,beam,198,10.0,10.0,35.89735412597656,28.891185760498047,34.085548400878906,28.403444290161133
external_test,sample_3,beam,199,10.0,10.0,35.92643356323242,28.884708404541016,34.120548248291016,28.391889572143555
external_test,sample_3,beam,200,10.0,10.0,35.94933319091797,28.87958526611328,34.12596130371094,28.37751007080078
external_test,sample_56,beam,253,10.0,10.0,36.64863967895508,29.27088928222656,39.35475158691406,34.79450988769531
external_test,sample_56,beam,254,10.0,10.0,36.89534759521485,29.22332763671875,37.10683441162109,31.53765296936035
external_test,sample_56,beam,255,10.0,10.0,37.0009994506836,29.232925415039062,34.614383697509766,28.427169799804688
external_test,sample_56,beam,256,10.0,10.0,37.09098815917969,29.24325942993164,32.63517761230469,26.68947029113769
external_test,sample_56,beam,257,10.0,10.0,37.05590057373047,29.21168708801269,31.4530029296875,25.70824432373047
external_test,sample_56,beam,258,10.0,10.0,37.016204833984375,29.181655883789062,30.9825439453125,25.37092018127441
external_test,sample_56,beam,259,10.0,10.0,36.95427703857422,29.140220642089844,30.818828582763672,25.29296493530273
external_test,sample_56,beam,260,10.0,10.0,37.13962173461914,29.455923080444336,40.595951080322266,36.0616569519043
external_test,sample_56,beam,261,10.0,10.0,37.361793518066406,29.33576011657715,38.61348342895508,32.91073989868164
external_test,sample_56,beam,262,10.0,10.0,37.382999420166016,29.275129318237305,35.850563049316406,29.645408630371094
external_test,sample_56,beam,263,10.0,10.0,37.33769226074219,29.18546295166016,33.386940002441406,27.42717933654785
external_test,sample_56,beam,264,10.0,10.0,37.30695343017578,29.12421417236328,32.133155822753906,26.374048233032227
external_test,sample_56,beam,265,10.0,10.0,37.23483276367188,29.068004608154297,31.54134178161621,25.94278717041016
external_test,sample_56,beam,266,10.0,10.0,37.13551712036133,29.01642227172852,31.315431594848636,25.813873291015625
external_test,sample_56,beam,306,10.0,10.0,36.33521270751953,28.842472076416016,31.68347930908203,26.349891662597656
external_test,sample_56,beam,307,10.0,10.0,36.00687026977539,28.87701416015625,32.232948303222656,26.50148582458496
external_test,sample_56,beam,308,10.0,10.0,36.036651611328125,28.85093307495117,31.95602226257324,26.251548767089844
external_test,sample_56,beam,309,10.0,10.0,36.0701789855957,28.83491325378418,31.75172996520996,26.09526252746582
external_test,sample_56,beam,310,10.0,10.0,36.10234069824219,28.82582664489746,31.598852157592773,26.011924743652344
external_test,sample_56,beam,311,10.0,10.0,36.1508903503418,28.820606231689453,31.60849952697754,26.0377254486084
external_test,sample_56,beam,312,10.0,10.0,36.20737457275391,28.817630767822266,31.61652374267578,26.10163688659668
external_test,sample_56,beam,313,10.0,10.0,36.26715850830078,28.81806945800781,31.639842987060547,26.200069427490234
external_test,sample_56,beam,314,10.0,10.0,36.335411071777344,28.834871292114254,31.60724830627441,26.24396324157715
external_test,sample_58,beam,148,10.0,10.0,35.94010925292969,28.91907501220703,33.66753387451172,27.65289688110352
external_test,sample_58,beam,149,10.0,10.0,35.96243667602539,28.915626525878903,33.40160369873047,27.355085372924805
external_test,sample_58,beam,150,10.0,10.0,35.99054336547852,28.910625457763672,33.26934051513672,27.280488967895508
external_test,sample_58,beam,151,10.0,10.0,36.00789260864258,28.898372650146484,33.01346969604492,27.13225555419922
external_test,sample_58,beam,152,10.0,10.0,36.06607437133789,28.887012481689453,33.021446228027344,27.13517189025879
external_test,sample_58,beam,153,10.0,10.0,36.13385772705078,28.881427764892575,33.11030197143555,27.227561950683597
external_test,sample_58,beam,154,10.0,10.0,36.17604064941406,28.880163192749023,33.155948638916016,27.3171501159668
external_test,sample_58,beam,155,10.0,10.0,35.93839263916016,28.930156707763672,33.6805534362793,27.686500549316406
external_test,sample_58,beam,156,10.0,10.0,35.966163635253906,28.9310245513916,33.55019760131836,27.488142013549805
external_test,sample_58,beam,157,10.0,10.0,35.98503494262695,28.92071533203125,33.223487854003906,27.28012084960937
external_test,sample_58,beam,158,10.0,10.0,36.02302169799805,28.91450309753418,33.1999626159668,27.27496719360352
external_test,sample_58,beam,159,10.0,10.0,36.0742301940918,28.90117073059082,33.07837677001953,27.191139221191406
external_test,sample_58,beam,160,10.0,10.0,36.14703750610352,28.897632598876957,33.22807312011719,27.31122398376465
external_test,sample_58,beam,161,10.0,10.0,36.20057678222656,28.899303436279297,33.330589294433594,27.437292098999023
external_test,sample_7,beam,16,5.0,5.0,36.0699462890625,28.754077911376957,31.644960403442383,25.740922927856445
external_test,sample_7,beam,17,5.0,5.0,36.106712341308594,28.74935913085937,31.304649353027344,25.43663215637207
external_test,sample_7,beam,18,5.0,5.0,36.139869689941406,28.751489639282227,31.67710876464844,25.723262786865234
external_test,sample_7,beam,19,5.0,5.0,36.14786148071289,28.750850677490234,31.565073013305664,25.63977432250977
external_test,sample_7,beam,20,5.0,5.0,36.16994857788086,28.764503479003903,32.191307067871094,26.125680923461918
external_test,sample_7,beam,21,5.0,5.0,36.64521789550781,28.773849487304688,31.88368034362793,25.661998748779297
external_test,sample_7,beam,22,5.0,5.0,36.41276931762695,28.73287773132324,31.37314224243164,25.26404571533203
external_test,sample_7,beam,23,5.0,5.0,36.545387268066406,28.742755889892575,31.43153190612793,25.32756233215332
external_test,sample_7,beam,27,5.0,5.0,36.60799789428711,28.753154754638672,31.67301368713379,25.506874084472656
external_test,sample_7,beam,30,5.0,5.0,36.62412643432617,28.756362915039062,31.636066436767575,25.494104385375977
external_test,sample_7,beam,31,5.0,5.0,36.19880294799805,28.772640228271484,32.0758056640625,25.98369407653809
external_test,sample_7,beam,32,5.0,5.0,36.07345581054688,28.74820327758789,31.54891967773437,25.53723907470703
external_test,sample_7,beam,33,5.0,5.0,36.10226058959961,28.7418270111084,31.27444839477539,25.32132148742676
external_test,sample_7,beam,38,5.0,5.0,36.14970016479492,28.74720764160156,31.50097274780273,25.52021789550781
external_test,sample_7,beam,43,5.0,5.0,36.17591857910156,28.753921508789062,31.56224632263184,25.582733154296875
external_test,sample_7,beam,47,5.0,5.0,36.20074462890625,28.767017364501957,32.78870391845703,26.6840763092041
external_test,sample_7,beam,52,5.0,5.0,36.08808135986328,28.76336669921875,32.5521354675293,26.497953414916992
external_test,sample_7,beam,53,5.0,5.0,36.1157455444336,28.7550048828125,31.812936782836918,25.85202980041504
external_test,sample_7,beam,54,5.0,5.0,36.151145935058594,28.75309562683105,32.00750732421875,26.03658103942871
external_test,sample_7,beam,55,5.0,5.0,36.18533706665039,28.756576538085938,32.25688934326172,26.231569290161133
external_test,sample_7,beam,80,5.0,5.0,36.17878341674805,28.778308868408203,31.48688697814941,25.35499382019043
external_test,sample_7,beam,85,5.0,5.0,36.10051727294922,28.743337631225582,31.01418685913086,24.93494415283203
external_test,sample_7,beam,89,5.0,5.0,36.13423538208008,28.744686126708984,31.143320083618164,25.035568237304688
external_test,sample_7,beam,94,5.0,5.0,36.151329040527344,28.746612548828125,31.17717170715332,25.10907745361328
external_test,sample_7,beam,98,5.0,5.0,36.172325134277344,28.765045166015625,31.397947311401367,25.276865005493164
external_test,sample_7,beam,102,5.0,5.0,36.5870361328125,28.803152084350582,31.7955322265625,25.819652557373047
external_test,sample_7,beam,107,5.0,5.0,36.45665740966797,28.741535186767575,30.9698486328125,25.204235076904297
external_test,sample_7,beam,116,5.0,5.0,36.5396842956543,28.76888656616211,31.27084732055664,25.45638656616211
external_test,sample_7,beam,121,5.0,5.0,36.57099533081055,28.78058433532715,31.469770431518555,25.58514404296875
external_test,sample_7,beam,125,5.0,5.0,36.567344665527344,28.786487579345703,31.716310501098636,25.740020751953125
external_test,sample_7,beam,128,5.0,5.0,36.713008880615234,28.88821792602539,32.164703369140625,25.96928024291992
external_test,sample_7,beam,134,5.0,5.0,36.4976806640625,28.74815368652344,31.2271671295166,25.25796127319336
external_test,sample_7,beam,139,5.0,5.0,36.65451049804688,28.83044815063477,31.61892890930176,25.681514739990234
external_test,sample_7,beam,143,5.0,5.0,36.68033599853516,28.848541259765625,31.805747985839844,25.742158889770508
external_test,sample_7,beam,148,5.0,5.0,36.723724365234375,28.893356323242188,32.094139099121094,25.95686912536621
external_test,sample_7,beam,152,5.0,5.0,36.21801376342773,28.768238067626957,31.515913009643555,25.501131057739254
external_test,sample_7,beam,157,5.0,5.0,36.139122009277344,28.75176429748535,30.987075805664062,25.039512634277344
external_test,sample_7,beam,161,5.0,5.0,36.2013053894043,28.76291847229004,31.07670021057129,25.13205337524414
external_test,sample_7,beam,166,5.0,5.0,36.217811584472656,28.765647888183597,31.124418258666992,25.187116622924805
external_test,sample_7,beam,170,5.0,5.0,36.22638702392578,28.76653289794922,31.29895401000977,25.334272384643555
external_test,sample_7,beam,173,5.0,5.0,36.19954299926758,28.747127532958984,31.457439422607425,25.37023162841797
external_test,sample_7,beam,175,5.0,5.0,36.13331604003906,28.732595443725582,31.12978172302246,25.09552383422852
external_test,sample_7,beam,176,5.0,5.0,36.157981872558594,28.72763061523437,31.06812286376953,25.05220413208008
external_test,sample_7,beam,177,5.0,5.0,36.17704772949219,28.728179931640625,31.05109024047852,25.070491790771484
external_test,sample_7,beam,178,5.0,5.0,36.18737030029297,28.731067657470703,31.2451286315918,25.19630622863769
external_test,sample_7,beam,179,5.0,5.0,36.17017364501953,28.743236541748047,31.008331298828125,25.167387008666992
external_test,sample_7,beam,180,5.0,5.0,36.11589050292969,28.74509048461914,31.02667999267578,25.098264694213867
external_test,sample_7,beam,181,5.0,5.0,36.13859558105469,28.74256134033203,30.81473731994629,24.93968391418457
external_test,sample_7,beam,182,5.0,5.0,36.15477752685547,28.739870071411133,30.729372024536133,24.918413162231445
external_test,sample_7,beam,183,5.0,5.0,36.17238235473633,28.742130279541016,30.92032623291016,25.06610107421875
external_test,sample_7,beam,184,5.0,5.0,36.22564697265625,28.77056884765625,30.91215705871582,25.01809310913086
external_test,sample_7,beam,185,5.0,5.0,36.120697021484375,28.7312068939209,30.700176239013672,24.80448341369629
external_test,sample_7,beam,186,5.0,5.0,36.17030715942383,28.729198455810547,30.577659606933597,24.76605796813965
external_test,sample_7,beam,187,5.0,5.0,36.20197677612305,28.7342472076416,30.57420539855957,24.78851127624512
external_test,sample_7,beam,188,5.0,5.0,36.22709655761719,28.758026123046875,30.803869247436523,24.9233512878418
external_test,sample_7,beam,189,5.0,5.0,37.00762939453125,28.99026870727539,32.35881805419922,26.01342391967773
external_test,sample_7,beam,190,5.0,5.0,36.822879791259766,28.922849655151367,31.79727935791016,25.60873794555664
external_test,sample_7,beam,191,5.0,5.0,37.36906814575195,29.241012573242188,32.07654571533203,25.781599044799805
external_test,sample_7,beam,192,5.0,5.0,37.21552276611328,29.09317779541016,32.19916534423828,25.852033615112305
external_test,sample_7,beam,193,5.0,5.0,37.06382369995117,29.01342391967773,32.264305114746094,25.91166305541992
external_test,sample_7,beam,194,5.0,5.0,37.76498794555664,29.556076049804688,33.39283752441406,26.906902313232425
external_test,sample_7,beam,195,5.0,5.0,37.18188095092773,29.188968658447266,32.13752746582031,25.970762252807617
external_test,sample_7,beam,196,5.0,5.0,38.85928726196289,30.411571502685547,33.17486572265625,26.880186080932617
external_test,sample_7,beam,197,5.0,5.0,38.3680534362793,29.949296951293945,33.16946029663086,26.816606521606445
external_test,sample_7,beam,198,5.0,5.0,37.98190307617188,29.67667961120605,33.180694580078125,26.80842399597168
external_test,sample_7,beam,203,5.0,5.0,51.19400405883789,45.75398635864258,48.56363677978516,42.41339111328125
external_test,sample_7,beam,204,5.0,5.0,51.82115936279297,46.46225738525391,49.23683547973633,42.92581558227539
external_test,sample_7,beam,205,5.0,5.0,52.83346176147461,47.38071441650391,49.94552612304688,43.49571228027344
external_test,sample_7,beam,207,5.0,5.0,53.39402389526367,47.84572219848633,50.57030487060547,44.08042144775391
external_test,sample_7,beam,208,5.0,5.0,53.31087493896485,47.65621566772461,50.45574569702149,43.92617034912109
external_test,sample_7,beam,209,5.0,5.0,36.18387222290039,28.727745056152344,30.668611526489254,24.794809341430664
external_test,sample_7,beam,210,5.0,5.0,36.10652160644531,28.73279190063477,30.475982666015625,24.606239318847656
external_test,sample_7,beam,211,5.0,5.0,36.19407653808594,28.72390365600586,30.531051635742188,24.65035820007324
external_test,sample_7,beam,212,5.0,5.0,36.20504760742188,28.72433090209961,30.514698028564453,24.66482734680176
external_test,sample_7,beam,213,5.0,5.0,36.20108795166016,28.72503089904785,30.549392700195312,24.707475662231445
external_test,sample_7,beam,214,5.0,5.0,36.1522102355957,28.76636505126953,30.418813705444336,24.798046112060547
external_test,sample_7,beam,215,5.0,5.0,36.07846832275391,28.72715377807617,30.36278533935547,24.677385330200195
external_test,sample_7,beam,216,5.0,5.0,36.09790802001953,28.73120880126953,30.301633834838867,24.64899635314941
external_test,sample_7,beam,217,5.0,5.0,36.11635971069336,28.73766326904297,30.291603088378903,24.660892486572266
external_test,sample_7,beam,218,5.0,5.0,36.1376953125,28.7522087097168,30.32186889648437,24.708776473999023
external_test,sample_7,beam,230,5.0,5.0,36.65138244628906,28.777698516845703,32.26892852783203,25.79153060913086
external_test,sample_7,beam,232,5.0,5.0,36.58842086791992,28.75545692443848,31.576610565185547,25.31455993652344
external_test,sample_7,beam,234,5.0,5.0,36.675819396972656,28.773345947265625,31.66683959960937,25.392099380493164
external_test,sample_7,beam,236,5.0,5.0,36.66072845458984,28.77301025390625,31.85879898071289,25.51067924499512
external_test,sample_7,beam,238,5.0,5.0,36.65561294555664,28.774677276611328,32.050498962402344,25.647083282470703
external_test,sample_7,beam,271,5.0,5.0,37.76988983154297,29.2113037109375,37.798126220703125,29.321468353271484
external_test,sample_9,beam,50,10.0,10.0,35.95885467529297,28.782814025878903,34.22562026977539,28.80011367797852
external_test,sample_9,beam,51,10.0,10.0,35.9167366027832,28.81555557250977,35.486656188964844,30.993885040283203
external_test,sample_9,beam,52,10.0,10.0,35.94244384765625,28.79419708251953,34.93196105957031,29.94903945922852
external_test,sample_9,beam,53,10.0,10.0,35.996368408203125,28.77608108520508,34.20417404174805,28.482084274291992
external_test,sample_9,beam,54,10.0,10.0,35.95936584472656,28.78040313720703,34.16424560546875,28.700857162475582
external_test,sample_9,beam,55,10.0,10.0,35.91286087036133,28.80496597290039,35.446563720703125,30.95265388488769
external_test,sample_9,beam,56,10.0,10.0,35.937744140625,28.784852981567383,34.84632873535156,29.87405014038086
external_test,sample_9,beam,57,10.0,10.0,35.989768981933594,28.771636962890625,33.88447570800781,28.204389572143555
external_test,sample_9,beam,58,10.0,10.0,35.95893859863281,28.763336181640625,32.32815170288086,26.37901496887207
external_test,sample_9,beam,59,10.0,10.0,35.87563705444336,28.77572059631348,33.4649772644043,27.84824752807617
external_test,sample_9,beam,60,10.0,10.0,35.914119720458984,28.760692596435547,32.821876525878906,27.04509162902832
external_test,sample_9,beam,61,10.0,10.0,36.02632522583008,28.77670288085937,32.35392761230469,26.365501403808597
train_pool,sample_191,beam,84,5.0,5.0,42.440673828125,32.07958984375,40.929725646972656,29.95391082763672
train_pool,sample_191,beam,85,5.0,5.0,42.43565368652344,32.059322357177734,40.4853401184082,29.69635581970215
train_pool,sample_191,beam,86,5.0,5.0,42.4233283996582,32.0543212890625,40.28082656860352,29.643707275390625
train_pool,sample_191,beam,87,5.0,5.0,42.37176132202149,32.044281005859375,40.13917541503906,29.651180267333984
train_pool,sample_191,beam,88,5.0,5.0,42.3119010925293,32.08165740966797,39.91742706298828,29.595970153808597
train_pool,sample_191,beam,89,5.0,5.0,38.809120178222656,30.60085678100586,37.16241455078125,34.19012451171875
train_pool,sample_191,beam,90,5.0,5.0,38.6515998840332,30.53934097290039,36.34315872192383,30.98902702331543
train_pool,sample_191,beam,91,5.0,5.0,38.53321075439453,30.53866195678711,36.1050910949707,29.97319602966309
train_pool,sample_191,beam,92,5.0,5.0,38.4647216796875,30.514389038085938,35.74149703979492,29.013071060180664
train_pool,sample_191,beam,93,5.0,5.0,38.38872528076172,30.546146392822266,35.49287414550781,28.59363555908203
train_pool,sample_192,beam,11,5.0,5.0,38.35227966308594,31.276933670043945,36.27603149414063,28.446931838989254
train_pool,sample_31,beam,81,10.0,10.0,43.181758880615234,32.13585662841797,42.28070831298828,31.246150970458984
train_pool,sample_31,beam,82,10.0,10.0,42.23844528198242,31.4949951171875,42.52177047729492,31.267105102539062
train_pool,sample_31,beam,83,10.0,10.0,42.931732177734375,31.96704864501953,42.51295471191406,31.32859230041504
train_pool,sample_31,beam,84,10.0,10.0,43.17691040039063,32.12974166870117,42.51351547241211,31.375532150268555
train_pool,sample_39,beam,0,10.0,10.0,36.41350555419922,29.451290130615234,34.01841735839844,27.120655059814453
train_pool,sample_39,beam,1,10.0,10.0,37.12487030029297,29.8597354888916,33.359130859375,26.907665252685547
train_pool,sample_39,beam,2,10.0,10.0,55.013816833496094,48.19958114624024,52.74288177490234,46.19106674194336
train_pool,sample_39,beam,3,10.0,10.0,54.53812789916992,47.74710464477539,52.60059356689453,46.06539916992188
train_pool,sample_39,beam,6,10.0,10.0,37.02521514892578,29.773361206054688,33.61517333984375,26.980892181396484
train_pool,sample_39,beam,7,10.0,10.0,36.84022903442383,29.66130828857422,33.82892227172852,27.04117774963379
train_pool,sample_39,beam,11,10.0,10.0,36.60845947265625,29.53166007995605,33.897125244140625,27.06043815612793
train_pool,sample_6,beam,0,10.0,10.0,38.30580520629883,30.027099609375,36.80392074584961,28.70233917236328
train_pool,sample_6,beam,1,10.0,10.0,38.59645462036133,30.205455780029297,36.49602508544922,28.5927734375
train_pool,sample_6,beam,2,10.0,10.0,38.42481994628906,30.09520721435547,36.672489166259766,28.65631866455078
train_pool,sample_6,beam,3,10.0,10.0,37.478294372558594,29.735280990600582,34.17506790161133,26.43372344970703
train_pool,sample_6,beam,98,10.0,10.0,36.41005706787109,29.504608154296875,37.98434066772461,29.788593292236328
train_pool,sample_6,beam,99,10.0,10.0,37.08316040039063,29.86454391479492,36.92662811279297,29.14254570007324
train_pool,sample_6,beam,100,10.0,10.0,36.84721755981445,29.75173568725586,37.139678955078125,29.27647399902344
train_pool,sample_6,beam,101,10.0,10.0,36.67326736450195,29.664203643798828,37.38264465332031,29.43355941772461
train_pool,sample_6,beam,102,10.0,10.0,36.54376220703125,29.59225845336914,37.6877326965332,29.61678695678711
train_pool,sample_6,beam,143,10.0,10.0,37.73418045043945,29.99407958984375,30.422365188598636,24.68852424621582
train_pool,sample_6,beam,144,10.0,10.0,38.85717391967773,30.97879981994629,29.725215911865234,24.54170227050781
train_pool,sample_6,beam,145,10.0,10.0,38.61764526367188,30.59754180908203,29.708765029907227,24.346759796142575
train_pool,sample_6,beam,146,10.0,10.0,38.34728240966797,30.34256362915039,29.882776260375977,24.403409957885746
train_pool,sample_6,beam,147,10.0,10.0,37.97124862670898,30.08617401123047,30.187862396240234,24.58384132385254
train_pool,sample_6,beam,148,10.0,10.0,37.56416702270508,29.763450622558597,33.41005325317383,26.20025062561035
train_pool,sample_6,beam,149,10.0,10.0,38.53467178344727,30.265893936157227,32.502532958984375,25.93909072875977
train_pool,sample_6,beam,150,10.0,10.0,38.280059814453125,30.13587951660156,32.83485412597656,25.995569229125977
train_pool,sample_6,beam,151,10.0,10.0,38.07709884643555,30.04491424560547,33.08423614501953,26.11062812805176
train_pool,sample_6,beam,152,10.0,10.0,37.84092712402344,29.928260803222656,33.23478698730469,26.14536666870117
train_pool,sample_6,beam,153,10.0,10.0,38.84215545654297,30.223915100097656,36.32619094848633,28.42534637451172
train_pool,sample_6,beam,154,10.0,10.0,41.933067321777344,36.65201187133789,38.060791015625,30.154232025146484
train_pool,sample_6,beam,155,10.0,10.0,39.735130310058594,33.686519622802734,33.326271057128906,26.92826461791992
train_pool,sample_6,beam,156,10.0,10.0,42.0775032043457,36.02665328979492,38.63507843017578,30.43158721923828
train_pool,sample_6,beam,157,10.0,10.0,41.98574447631836,36.44276428222656,38.0432243347168,30.03911590576172
