combo,sample,n_nodes,MAE
topological_none,sample_240,657,12.566
topological_none,sample_151,298,8.305
topological_none,sample_233,439,7.762
topological_none,sample_189,292,7.104
topological_none,sample_208,189,6.831
topological_none,sample_10,272,6.769
topological_none,sample_251,355,6.648
topological_none,sample_195,187,6.472
topological_none,sample_243,365,6.157
topological_none,sample_111,176,6.067
topological_none,sample_182,232,5.99
topological_none,sample_142,58,5.889
topological_none,sample_163,29,5.832
topological_none,sample_99,233,5.332
topological_none,sample_92,164,5.269
topological_none,sample_235,181,5.205
topological_none,sample_73,70,5.144
topological_none,sample_86,128,4.782
topological_none,sample_146,141,4.515
topological_none,sample_203,410,4.234
topological_none,sample_216,257,4.189
topological_none,sample_192,149,4.142
topological_none,sample_179,330,3.962
topological_none,sample_52,119,3.804
topological_none,sample_31,152,3.681
topological_none,sample_42,282,3.507
topological_none,sample_4,92,3.366
topological_none,sample_39,285,3.339
topological_none,sample_191,153,3.147
topological_none,sample_150,63,3.087
topological_none,sample_117,158,3.062
topological_none,sample_215,53,3.053
topological_none,sample_6,206,2.978
topological_none,sample_118,604,2.941
topological_none,sample_166,84,2.899
topological_none,sample_132,133,2.852
topological_none,sample_53,71,2.255
topological_none,sample_178,145,1.943
topological_none,sample_63,23,0.357
topological_self_loop,sample_240,657,13.024
topological_self_loop,sample_233,439,8.978
topological_self_loop,sample_151,298,8.008
topological_self_loop,sample_189,292,7.185
topological_self_loop,sample_208,189,7.103
topological_self_loop,sample_195,187,6.434
topological_self_loop,sample_142,58,6.266
topological_self_loop,sample_243,365,6.017
topological_self_loop,sample_73,70,5.954
topological_self_loop,sample_182,232,5.83
topological_self_loop,sample_251,355,5.806
topological_self_loop,sample_92,164,5.598
topological_self_loop,sample_10,272,5.572
topological_self_loop,sample_235,181,5.497
topological_self_loop,sample_111,176,5.238
topological_self_loop,sample_86,128,4.77
topological_self_loop,sample_99,233,4.607
topological_self_loop,sample_146,141,4.467
topological_self_loop,sample_192,149,4.443
topological_self_loop,sample_117,158,4.223
topological_self_loop,sample_166,84,4.199
topological_self_loop,sample_216,257,4.152
topological_self_loop,sample_203,410,4.023
topological_self_loop,sample_53,71,3.825
topological_self_loop,sample_163,29,3.822
topological_self_loop,sample_179,330,3.767
topological_self_loop,sample_150,63,3.609
topological_self_loop,sample_31,152,3.602
topological_self_loop,sample_4,92,3.482
topological_self_loop,sample_52,119,3.475
topological_self_loop,sample_191,153,3.461
topological_self_loop,sample_39,285,3.21
topological_self_loop,sample_42,282,3.187
topological_self_loop,sample_6,206,3.088
topological_self_loop,sample_118,604,2.712
topological_self_loop,sample_178,145,2.54
topological_self_loop,sample_215,53,2.531
topological_self_loop,sample_132,133,2.158
topological_self_loop,sample_63,23,0.652
topological_knn,sample_240,657,13.523
topological_knn,sample_151,298,8.276
topological_knn,sample_150,63,8.134
topological_knn,sample_10,272,8.017
topological_knn,sample_189,292,7.843
topological_knn,sample_208,189,7.689
topological_knn,sample_233,439,7.402
topological_knn,sample_73,70,7.097
topological_knn,sample_195,187,7.034
topological_knn,sample_243,365,6.528
topological_knn,sample_92,164,6.369
topological_knn,sample_111,176,5.928
topological_knn,sample_235,181,5.833
topological_knn,sample_142,58,5.653
topological_knn,sample_182,232,5.358
topological_knn,sample_163,29,5.23
topological_knn,sample_146,141,5.005
topological_knn,sample_166,84,5.004
topological_knn,sample_86,128,4.82
topological_knn,sample_251,355,4.59
topological_knn,sample_203,410,4.409
topological_knn,sample_99,233,4.395
topological_knn,sample_216,257,4.109
topological_knn,sample_117,158,4.042
topological_knn,sample_31,152,4.034
topological_knn,sample_192,149,3.844
topological_knn,sample_215,53,3.76
topological_knn,sample_4,92,3.747
topological_knn,sample_179,330,3.697
topological_knn,sample_42,282,3.608
topological_knn,sample_52,119,3.571
topological_knn,sample_39,285,3.467
topological_knn,sample_191,153,3.456
topological_knn,sample_118,604,3.322
topological_knn,sample_6,206,3.186
topological_knn,sample_178,145,3.045
topological_knn,sample_132,133,2.841
topological_knn,sample_53,71,2.638
topological_knn,sample_63,23,1.475
geometric_none,sample_240,657,15.345
geometric_none,sample_10,272,9.251
geometric_none,sample_151,298,8.382
geometric_none,sample_233,439,8.246
geometric_none,sample_208,189,7.751
geometric_none,sample_189,292,7.369
geometric_none,sample_86,128,7.245
geometric_none,sample_195,187,7.033
geometric_none,sample_243,365,6.772
geometric_none,sample_182,232,6.372
geometric_none,sample_73,70,6.363
geometric_none,sample_235,181,5.926
geometric_none,sample_92,164,5.817
geometric_none,sample_146,141,5.584
geometric_none,sample_142,58,5.33
geometric_none,sample_111,176,5.167
geometric_none,sample_117,158,5.161
geometric_none,sample_99,233,4.865
geometric_none,sample_166,84,4.857
geometric_none,sample_192,149,4.7
geometric_none,sample_251,355,4.688
geometric_none,sample_52,119,4.602
geometric_none,sample_216,257,4.502
geometric_none,sample_4,92,4.462
geometric_none,sample_150,63,4.417
geometric_none,sample_215,53,4.393
geometric_none,sample_31,152,4.164
geometric_none,sample_203,410,4.122
geometric_none,sample_163,29,4.089
geometric_none,sample_42,282,3.947
geometric_none,sample_179,330,3.817
geometric_none,sample_6,206,3.731
geometric_none,sample_39,285,3.651
geometric_none,sample_191,153,3.501
geometric_none,sample_118,604,3.449
geometric_none,sample_53,71,3.254
geometric_none,sample_178,145,3.013
geometric_none,sample_63,23,3.001
geometric_none,sample_132,133,2.198
geometric_self_loop,sample_240,657,16.026
geometric_self_loop,sample_10,272,9.536
geometric_self_loop,sample_151,298,8.541
geometric_self_loop,sample_233,439,8.374
geometric_self_loop,sample_208,189,8.196
geometric_self_loop,sample_189,292,7.642
geometric_self_loop,sample_86,128,7.513
geometric_self_loop,sample_195,187,7.124
geometric_self_loop,sample_150,63,6.655
geometric_self_loop,sample_243,365,6.624
geometric_self_loop,sample_182,232,6.495
geometric_self_loop,sample_73,70,6.369
geometric_self_loop,sample_235,181,6.262
geometric_self_loop,sample_146,141,5.599
geometric_self_loop,sample_142,58,5.279
geometric_self_loop,sample_251,355,5.176
geometric_self_loop,sample_117,158,5.102
geometric_self_loop,sample_163,29,5.095
geometric_self_loop,sample_92,164,5.088
geometric_self_loop,sample_192,149,5.009
geometric_self_loop,sample_111,176,4.975
geometric_self_loop,sample_216,257,4.929
geometric_self_loop,sample_99,233,4.544
geometric_self_loop,sample_203,410,4.419
geometric_self_loop,sample_52,119,4.302
geometric_self_loop,sample_166,84,4.261
geometric_self_loop,sample_31,152,4.258
geometric_self_loop,sample_63,23,4.063
geometric_self_loop,sample_179,330,3.933
geometric_self_loop,sample_4,92,3.817
geometric_self_loop,sample_42,282,3.761
geometric_self_loop,sample_191,153,3.704
geometric_self_loop,sample_39,285,3.698
geometric_self_loop,sample_215,53,3.647
geometric_self_loop,sample_118,604,3.472
geometric_self_loop,sample_6,206,3.452
geometric_self_loop,sample_178,145,2.923
geometric_self_loop,sample_53,71,2.649
geometric_self_loop,sample_132,133,2.25
geometric_knn,sample_240,657,13.863
geometric_knn,sample_151,298,8.354
geometric_knn,sample_208,189,8.333
geometric_knn,sample_233,439,7.997
geometric_knn,sample_189,292,7.793
geometric_knn,sample_10,272,7.675
geometric_knn,sample_195,187,6.817
geometric_knn,sample_243,365,6.059
geometric_knn,sample_182,232,5.946
geometric_knn,sample_73,70,5.831
geometric_knn,sample_235,181,5.713
geometric_knn,sample_86,128,5.611
geometric_knn,sample_111,176,5.457
geometric_knn,sample_142,58,5.305
geometric_knn,sample_146,141,5.265
geometric_knn,sample_92,164,5.256
geometric_knn,sample_117,158,5.196
geometric_knn,sample_99,233,4.825
geometric_knn,sample_251,355,4.704
geometric_knn,sample_216,257,4.483
geometric_knn,sample_203,410,4.356
geometric_knn,sample_192,149,4.261
geometric_knn,sample_215,53,3.968
geometric_knn,sample_52,119,3.868
geometric_knn,sample_31,152,3.788
geometric_knn,sample_179,330,3.776
geometric_knn,sample_166,84,3.715
geometric_knn,sample_163,29,3.702
geometric_knn,sample_6,206,3.692
geometric_knn,sample_4,92,3.641
geometric_knn,sample_191,153,3.589
geometric_knn,sample_42,282,3.581
geometric_knn,sample_39,285,3.458
geometric_knn,sample_118,604,3.313
geometric_knn,sample_150,63,2.992
geometric_knn,sample_53,71,2.889
geometric_knn,sample_132,133,2.465
geometric_knn,sample_178,145,2.446
geometric_knn,sample_63,23,2.409
hybrid_none,sample_240,657,12.906
hybrid_none,sample_10,272,8.416
hybrid_none,sample_151,298,8.141
hybrid_none,sample_189,292,7.796
hybrid_none,sample_233,439,7.753
hybrid_none,sample_208,189,7.521
hybrid_none,sample_243,365,6.948
hybrid_none,sample_195,187,6.591
hybrid_none,sample_111,176,6.214
hybrid_none,sample_150,63,6.074
hybrid_none,sample_235,181,5.872
hybrid_none,sample_146,141,5.76
hybrid_none,sample_73,70,5.748
hybrid_none,sample_182,232,5.661
hybrid_none,sample_251,355,5.423
hybrid_none,sample_92,164,5.344
hybrid_none,sample_142,58,5.289
hybrid_none,sample_86,128,5.085
hybrid_none,sample_216,257,4.515
hybrid_none,sample_192,149,4.44
hybrid_none,sample_99,233,4.426
hybrid_none,sample_163,29,4.23
hybrid_none,sample_203,410,4.163
hybrid_none,sample_117,158,4.096
hybrid_none,sample_52,119,4.001
hybrid_none,sample_179,330,3.768
hybrid_none,sample_39,285,3.699
hybrid_none,sample_63,23,3.681
hybrid_none,sample_4,92,3.671
hybrid_none,sample_31,152,3.628
hybrid_none,sample_42,282,3.603
hybrid_none,sample_166,84,3.522
hybrid_none,sample_215,53,3.507
hybrid_none,sample_191,153,3.348
hybrid_none,sample_6,206,3.294
hybrid_none,sample_178,145,2.864
hybrid_none,sample_118,604,2.842
hybrid_none,sample_53,71,2.758
hybrid_none,sample_132,133,2.688
hybrid_self_loop,sample_240,657,12.161
hybrid_self_loop,sample_151,298,8.738
hybrid_self_loop,sample_233,439,7.769
hybrid_self_loop,sample_189,292,7.334
hybrid_self_loop,sample_243,365,7.274
hybrid_self_loop,sample_208,189,7.099
hybrid_self_loop,sample_73,70,6.562
hybrid_self_loop,sample_195,187,6.53
hybrid_self_loop,sample_10,272,5.724
hybrid_self_loop,sample_182,232,5.552
hybrid_self_loop,sample_111,176,5.423
hybrid_self_loop,sample_146,141,5.376
hybrid_self_loop,sample_203,410,5.17
hybrid_self_loop,sample_235,181,5.028
hybrid_self_loop,sample_251,355,4.932
hybrid_self_loop,sample_99,233,4.907
hybrid_self_loop,sample_86,128,4.706
hybrid_self_loop,sample_92,164,4.498
hybrid_self_loop,sample_142,58,4.487
hybrid_self_loop,sample_192,149,4.199
hybrid_self_loop,sample_52,119,4.164
hybrid_self_loop,sample_117,158,4.038
hybrid_self_loop,sample_216,257,3.934
hybrid_self_loop,sample_191,153,3.912
hybrid_self_loop,sample_31,152,3.901
hybrid_self_loop,sample_179,330,3.8
hybrid_self_loop,sample_6,206,3.707
hybrid_self_loop,sample_42,282,3.508
hybrid_self_loop,sample_4,92,3.456
hybrid_self_loop,sample_215,53,3.288
hybrid_self_loop,sample_163,29,3.231
hybrid_self_loop,sample_39,285,3.225
hybrid_self_loop,sample_166,84,2.813
hybrid_self_loop,sample_118,604,2.642
hybrid_self_loop,sample_132,133,2.562
hybrid_self_loop,sample_53,71,2.262
hybrid_self_loop,sample_150,63,1.839
hybrid_self_loop,sample_178,145,1.789
hybrid_self_loop,sample_63,23,0.625
hybrid_knn,sample_240,657,13.274
hybrid_knn,sample_233,439,9.084
hybrid_knn,sample_151,298,8.835
hybrid_knn,sample_10,272,7.016
hybrid_knn,sample_189,292,6.958
hybrid_knn,sample_243,365,6.754
hybrid_knn,sample_208,189,6.663
hybrid_knn,sample_195,187,6.555
hybrid_knn,sample_92,164,5.798
hybrid_knn,sample_146,141,5.731
hybrid_knn,sample_182,232,5.542
hybrid_knn,sample_73,70,5.527
hybrid_knn,sample_235,181,5.347
hybrid_knn,sample_251,355,5.007
hybrid_knn,sample_111,176,4.94
hybrid_knn,sample_216,257,4.872
hybrid_knn,sample_192,149,4.795
hybrid_knn,sample_142,58,4.788
hybrid_knn,sample_86,128,4.773
hybrid_knn,sample_99,233,4.618
hybrid_knn,sample_203,410,3.965
hybrid_knn,sample_163,29,3.944
hybrid_knn,sample_117,158,3.811
hybrid_knn,sample_150,63,3.722
hybrid_knn,sample_31,152,3.665
hybrid_knn,sample_179,330,3.662
hybrid_knn,sample_52,119,3.521
hybrid_knn,sample_4,92,3.459
hybrid_knn,sample_42,282,3.417
hybrid_knn,sample_191,153,3.286
hybrid_knn,sample_118,604,3.177
hybrid_knn,sample_6,206,3.175
hybrid_knn,sample_39,285,3.149
hybrid_knn,sample_166,84,2.615
hybrid_knn,sample_53,71,2.32
hybrid_knn,sample_132,133,2.287
hybrid_knn,sample_178,145,2.181
hybrid_knn,sample_215,53,2.005
hybrid_knn,sample_63,23,0.663
