combo,sample,n_nodes,MAE
topological_none,sample_240,657,13.007
topological_none,sample_208,189,8.153
topological_none,sample_233,439,8.152
topological_none,sample_151,298,8.074
topological_none,sample_189,292,7.684
topological_none,sample_73,70,7.226
topological_none,sample_10,272,7.149
topological_none,sample_195,187,6.827
topological_none,sample_243,365,6.741
topological_none,sample_111,176,5.875
topological_none,sample_142,58,5.79
topological_none,sample_6,230,5.592
topological_none,sample_235,181,5.578
topological_none,sample_146,141,5.467
topological_none,sample_182,232,5.351
topological_none,sample_163,29,5.31
topological_none,sample_92,164,5.277
topological_none,sample_86,128,5.24
topological_none,sample_215,53,5.17
topological_none,sample_191,163,4.972
topological_none,sample_4,92,4.941
topological_none,sample_99,233,4.814
topological_none,sample_166,84,4.605
topological_none,sample_117,158,4.522
topological_none,sample_203,410,4.511
topological_none,sample_31,156,4.373
topological_none,sample_251,355,4.368
topological_none,sample_39,292,4.093
topological_none,sample_216,257,4.073
topological_none,sample_192,150,4.052
topological_none,sample_53,71,3.965
topological_none,sample_150,63,3.621
topological_none,sample_52,119,3.603
topological_none,sample_179,330,3.572
topological_none,sample_42,282,3.404
topological_none,sample_132,133,3.028
topological_none,sample_118,604,2.777
topological_none,sample_178,145,2.673
topological_none,sample_63,23,2.214
topological_self_loop,sample_240,657,12.909
topological_self_loop,sample_151,298,8.498
topological_self_loop,sample_233,439,7.705
topological_self_loop,sample_189,292,7.639
topological_self_loop,sample_10,272,7.578
topological_self_loop,sample_208,189,7.53
topological_self_loop,sample_243,365,6.994
topological_self_loop,sample_73,70,6.831
topological_self_loop,sample_195,187,6.493
topological_self_loop,sample_86,128,6.363
topological_self_loop,sample_111,176,6.084
topological_self_loop,sample_182,232,5.834
topological_self_loop,sample_6,230,5.697
topological_self_loop,sample_92,164,5.431
topological_self_loop,sample_235,181,5.427
topological_self_loop,sample_146,141,5.346
topological_self_loop,sample_99,233,5.051
topological_self_loop,sample_191,163,5.037
topological_self_loop,sample_142,58,5.035
topological_self_loop,sample_117,158,4.949
topological_self_loop,sample_166,84,4.682
topological_self_loop,sample_163,29,4.639
topological_self_loop,sample_251,355,4.403
topological_self_loop,sample_31,156,4.397
topological_self_loop,sample_203,410,4.297
topological_self_loop,sample_216,257,4.272
topological_self_loop,sample_39,292,4.264
topological_self_loop,sample_150,63,4.165
topological_self_loop,sample_192,150,4.142
topological_self_loop,sample_215,53,4.091
topological_self_loop,sample_4,92,3.958
topological_self_loop,sample_52,119,3.946
topological_self_loop,sample_179,330,3.653
topological_self_loop,sample_42,282,3.524
topological_self_loop,sample_118,604,3.23
topological_self_loop,sample_63,23,3.221
topological_self_loop,sample_53,71,3.153
topological_self_loop,sample_178,145,2.439
topological_self_loop,sample_132,133,2.402
topological_knn,sample_240,657,12.203
topological_knn,sample_233,439,8.269
topological_knn,sample_151,298,8.063
topological_knn,sample_189,292,7.229
topological_knn,sample_208,189,7.224
topological_knn,sample_243,365,6.709
topological_knn,sample_92,164,6.667
topological_knn,sample_142,58,6.557
topological_knn,sample_10,272,6.38
topological_knn,sample_195,187,6.301
topological_knn,sample_111,176,6.043
topological_knn,sample_203,410,5.964
topological_knn,sample_73,70,5.707
topological_knn,sample_182,232,5.558
topological_knn,sample_6,230,5.436
topological_knn,sample_163,29,5.378
topological_knn,sample_191,163,5.037
topological_knn,sample_99,233,5.005
topological_knn,sample_235,181,4.949
topological_knn,sample_86,128,4.797
topological_knn,sample_31,156,4.676
topological_knn,sample_146,141,4.525
topological_knn,sample_251,355,4.383
topological_knn,sample_39,292,4.253
topological_knn,sample_117,158,3.877
topological_knn,sample_216,257,3.832
topological_knn,sample_215,53,3.727
topological_knn,sample_42,282,3.652
topological_knn,sample_166,84,3.591
topological_knn,sample_132,133,3.551
topological_knn,sample_192,150,3.495
topological_knn,sample_179,330,3.481
topological_knn,sample_4,92,3.404
topological_knn,sample_118,604,3.263
topological_knn,sample_53,71,3.246
topological_knn,sample_52,119,3.075
topological_knn,sample_150,63,2.948
topological_knn,sample_178,145,2.592
topological_knn,sample_63,23,0.781
geometric_none,sample_240,657,12.445
geometric_none,sample_208,189,8.054
geometric_none,sample_151,298,7.917
geometric_none,sample_233,439,7.875
geometric_none,sample_195,187,7.244
geometric_none,sample_189,292,7.197
geometric_none,sample_243,365,6.879
geometric_none,sample_73,70,6.761
geometric_none,sample_86,128,6.506
geometric_none,sample_111,176,6.478
geometric_none,sample_10,272,6.166
geometric_none,sample_182,232,6.062
geometric_none,sample_235,181,6.061
geometric_none,sample_117,158,5.956
geometric_none,sample_6,230,5.875
geometric_none,sample_142,58,5.851
geometric_none,sample_92,164,5.505
geometric_none,sample_31,156,5.082
geometric_none,sample_146,141,5.06
geometric_none,sample_203,410,5.052
geometric_none,sample_166,84,4.955
geometric_none,sample_191,163,4.894
geometric_none,sample_163,29,4.6
geometric_none,sample_52,119,4.592
geometric_none,sample_251,355,4.475
geometric_none,sample_216,257,4.364
geometric_none,sample_39,292,4.357
geometric_none,sample_99,233,4.321
geometric_none,sample_192,150,4.277
geometric_none,sample_215,53,3.945
geometric_none,sample_179,330,3.768
geometric_none,sample_53,71,3.699
geometric_none,sample_4,92,3.577
geometric_none,sample_42,282,3.343
geometric_none,sample_118,604,2.952
geometric_none,sample_132,133,2.594
geometric_none,sample_178,145,2.425
geometric_none,sample_63,23,2.334
geometric_none,sample_150,63,2.152
geometric_self_loop,sample_240,657,12.512
geometric_self_loop,sample_151,298,8.234
geometric_self_loop,sample_208,189,7.552
geometric_self_loop,sample_233,439,7.343
geometric_self_loop,sample_189,292,7.286
geometric_self_loop,sample_10,272,7.004
geometric_self_loop,sample_243,365,6.684
geometric_self_loop,sample_195,187,6.637
geometric_self_loop,sample_73,70,6.348
geometric_self_loop,sample_86,128,6.278
geometric_self_loop,sample_235,181,6.018
geometric_self_loop,sample_111,176,5.801
geometric_self_loop,sample_6,230,5.553
geometric_self_loop,sample_182,232,5.384
geometric_self_loop,sample_117,158,5.28
geometric_self_loop,sample_52,119,5.247
geometric_self_loop,sample_92,164,5.168
geometric_self_loop,sample_191,163,5.114
geometric_self_loop,sample_142,58,4.996
geometric_self_loop,sample_203,410,4.923
geometric_self_loop,sample_146,141,4.898
geometric_self_loop,sample_166,84,4.63
geometric_self_loop,sample_31,156,4.537
geometric_self_loop,sample_251,355,4.518
geometric_self_loop,sample_216,257,4.378
geometric_self_loop,sample_39,292,4.279
geometric_self_loop,sample_4,92,4.25
geometric_self_loop,sample_163,29,4.247
geometric_self_loop,sample_99,233,4.179
geometric_self_loop,sample_215,53,4.052
geometric_self_loop,sample_192,150,3.951
geometric_self_loop,sample_150,63,3.783
geometric_self_loop,sample_179,330,3.738
geometric_self_loop,sample_42,282,3.31
geometric_self_loop,sample_63,23,3.135
geometric_self_loop,sample_53,71,3.113
geometric_self_loop,sample_132,133,2.796
geometric_self_loop,sample_118,604,2.777
geometric_self_loop,sample_178,145,2.359
geometric_knn,sample_240,657,12.412
geometric_knn,sample_151,298,8.673
geometric_knn,sample_233,439,8.46
geometric_knn,sample_189,292,7.514
geometric_knn,sample_208,189,6.87
geometric_knn,sample_195,187,6.427
geometric_knn,sample_243,365,6.277
geometric_knn,sample_10,272,6.199
geometric_knn,sample_203,410,6.168
geometric_knn,sample_182,232,5.848
geometric_knn,sample_111,176,5.672
geometric_knn,sample_6,230,5.492
geometric_knn,sample_92,164,5.447
geometric_knn,sample_251,355,5.243
geometric_knn,sample_235,181,5.193
geometric_knn,sample_99,233,5.131
geometric_knn,sample_73,70,5.083
geometric_knn,sample_191,163,5.065
geometric_knn,sample_142,58,4.82
geometric_knn,sample_86,128,4.742
geometric_knn,sample_31,156,4.603
geometric_knn,sample_146,141,4.6
geometric_knn,sample_216,257,4.38
geometric_knn,sample_117,158,4.137
geometric_knn,sample_192,150,3.969
geometric_knn,sample_39,292,3.954
geometric_knn,sample_179,330,3.916
geometric_knn,sample_4,92,3.543
geometric_knn,sample_42,282,3.515
geometric_knn,sample_52,119,3.488
geometric_knn,sample_150,63,3.334
geometric_knn,sample_215,53,3.095
geometric_knn,sample_178,145,3.036
geometric_knn,sample_163,29,2.924
geometric_knn,sample_166,84,2.887
geometric_knn,sample_118,604,2.869
geometric_knn,sample_132,133,2.58
geometric_knn,sample_53,71,2.367
geometric_knn,sample_63,23,0.883
hybrid_none,sample_240,657,13.548
hybrid_none,sample_151,298,8.642
hybrid_none,sample_233,439,8.33
hybrid_none,sample_10,272,8.01
hybrid_none,sample_189,292,7.643
hybrid_none,sample_208,189,7.56
hybrid_none,sample_243,365,7.215
hybrid_none,sample_195,187,6.577
hybrid_none,sample_73,70,6.248
hybrid_none,sample_86,128,6.012
hybrid_none,sample_111,176,5.83
hybrid_none,sample_235,181,5.791
hybrid_none,sample_182,232,5.57
hybrid_none,sample_6,230,5.543
hybrid_none,sample_142,58,5.193
hybrid_none,sample_146,141,5.072
hybrid_none,sample_191,163,4.926
hybrid_none,sample_92,164,4.875
hybrid_none,sample_251,355,4.863
hybrid_none,sample_99,233,4.834
hybrid_none,sample_163,29,4.805
hybrid_none,sample_192,150,4.355
hybrid_none,sample_31,156,4.267
hybrid_none,sample_166,84,4.208
hybrid_none,sample_117,158,4.124
hybrid_none,sample_39,292,4.12
hybrid_none,sample_203,410,4.113
hybrid_none,sample_216,257,4.104
hybrid_none,sample_63,23,4.09
hybrid_none,sample_52,119,4.052
hybrid_none,sample_215,53,3.969
hybrid_none,sample_4,92,3.84
hybrid_none,sample_179,330,3.667
hybrid_none,sample_150,63,3.615
hybrid_none,sample_42,282,3.363
hybrid_none,sample_118,604,3.197
hybrid_none,sample_132,133,3.069
hybrid_none,sample_178,145,2.927
hybrid_none,sample_53,71,2.901
hybrid_self_loop,sample_240,657,12.407
hybrid_self_loop,sample_151,298,8.406
hybrid_self_loop,sample_189,292,7.397
hybrid_self_loop,sample_233,439,7.369
hybrid_self_loop,sample_208,189,7.253
hybrid_self_loop,sample_10,272,6.996
hybrid_self_loop,sample_73,70,6.675
hybrid_self_loop,sample_243,365,6.579
hybrid_self_loop,sample_111,176,6.274
hybrid_self_loop,sample_195,187,6.263
hybrid_self_loop,sample_6,230,5.952
hybrid_self_loop,sample_142,58,5.61
hybrid_self_loop,sample_182,232,5.466
hybrid_self_loop,sample_235,181,5.416
hybrid_self_loop,sample_86,128,5.358
hybrid_self_loop,sample_146,141,5.112
hybrid_self_loop,sample_92,164,5.085
hybrid_self_loop,sample_166,84,4.941
hybrid_self_loop,sample_117,158,4.939
hybrid_self_loop,sample_191,163,4.939
hybrid_self_loop,sample_203,410,4.884
hybrid_self_loop,sample_163,29,4.676
hybrid_self_loop,sample_215,53,4.641
hybrid_self_loop,sample_4,92,4.483
hybrid_self_loop,sample_251,355,4.468
hybrid_self_loop,sample_99,233,4.435
hybrid_self_loop,sample_216,257,4.415
hybrid_self_loop,sample_39,292,4.367
hybrid_self_loop,sample_31,156,4.252
hybrid_self_loop,sample_52,119,3.956
hybrid_self_loop,sample_53,71,3.776
hybrid_self_loop,sample_192,150,3.763
hybrid_self_loop,sample_179,330,3.636
hybrid_self_loop,sample_42,282,3.354
hybrid_self_loop,sample_150,63,3.235
hybrid_self_loop,sample_118,604,2.86
hybrid_self_loop,sample_132,133,2.74
hybrid_self_loop,sample_63,23,2.475
hybrid_self_loop,sample_178,145,2.329
hybrid_knn,sample_240,657,12.733
hybrid_knn,sample_151,298,8.602
hybrid_knn,sample_233,439,7.68
hybrid_knn,sample_189,292,7.411
hybrid_knn,sample_208,189,7.173
hybrid_knn,sample_10,272,7.149
hybrid_knn,sample_86,128,6.865
hybrid_knn,sample_195,187,6.764
hybrid_knn,sample_243,365,6.662
hybrid_knn,sample_73,70,6.416
hybrid_knn,sample_182,232,6.233
hybrid_knn,sample_111,176,6.093
hybrid_knn,sample_6,230,6.009
hybrid_knn,sample_117,158,5.514
hybrid_knn,sample_235,181,5.303
hybrid_knn,sample_142,58,5.219
hybrid_knn,sample_191,163,4.859
hybrid_knn,sample_146,141,4.839
hybrid_knn,sample_92,164,4.773
hybrid_knn,sample_52,119,4.689
hybrid_knn,sample_192,150,4.647
hybrid_knn,sample_166,84,4.636
hybrid_knn,sample_203,410,4.559
hybrid_knn,sample_99,233,4.53
hybrid_knn,sample_216,257,4.413
hybrid_knn,sample_251,355,4.382
hybrid_knn,sample_31,156,4.375
hybrid_knn,sample_4,92,4.358
hybrid_knn,sample_39,292,4.317
hybrid_knn,sample_215,53,4.181
hybrid_knn,sample_163,29,4.178
hybrid_knn,sample_179,330,3.794
hybrid_knn,sample_42,282,3.549
hybrid_knn,sample_118,604,3.366
hybrid_knn,sample_53,71,3.323
hybrid_knn,sample_63,23,3.076
hybrid_knn,sample_150,63,2.646
hybrid_knn,sample_178,145,2.39
hybrid_knn,sample_132,133,2.276
